,,,,,,,,,,,,,,,,,,,,,,,,,,,,,,,,,,,,
                                            Vibration Analysis Report  Area:Paper Machine-01 Press Rolls   Speed:356MPM       ,,,,,,,,,,,,,,,,,,,,,,,,,,,,,,,,,,,,
S.NO,Equipment Name,Orientation,Normal Limit,Bearing Number,Vibration in RMS Velocity(mm/sec),Vibration in RMS Velocity(mm/sec),Vibration in RMS Velocity(mm/sec),Vibration in RMS Velocity(mm/sec),Vibration in RMS Velocity(mm/sec),Vibration in RMS Velocity(mm/sec),Vibration in RMS Velocity(mm/sec),Vibration in RMS Velocity(mm/sec),Vibration in RMS Velocity(mm/sec),Vibration in RMS Velocity  (mm/sec),Vibration in RMS Velocity  (mm/sec),Vibration in RMS Velocity  (mm/sec),Vibration in RMS Velocity  (mm/sec) 365MPM,Vibration in RMS Velocity  (mm/sec) 365MPM,Vibration in RMS Velocity  (mm/sec) 365MPM,Vibration in RMS Velocity  (mm/sec) 365MPM,Vibration in RMS Velocity  (mm/sec) 365MPM,Vibration in RMS Velocity  (mm/sec) 365MPM,Vibration in RMS Velocity  (mm/sec) 365MPM,Vibration in RMS Velocity  (mm/sec) 365MPM,Vibration in RMS Velocity  (mm/sec) 365MPM,Vibration in RMS Velocity  (mm/sec) 365MPM,Vibration in RMS Velocity  (mm/sec) 365MPM,Vibration in RMS Velocity  (mm/sec) 365MPM,Vibration in RMS Velocity  (mm/sec) 365MPM,Vibration in RMS Velocity  (mm/sec) 356MPM,Vibration in RMS Velocity  (mm/sec) 356MPM,Health Status,Observations & Analysis,Recommendations,,
,,,,,,,,,,,,,,,,,,,,,,,,,,,,,,,,,,,,
1,Suction Pick Up Roll,,,24060 c/24068 c,17.10.15,01.12.15,02.01.16,01.02.16,03.03.16,04.04.16,04.05.16,06.06.16,04.07.16,04.08.16,03.09.16,08.10.16,08.11.16,03.12.16,06.01.17,02.02.17,06.03.17,07.04.17,08.05.17,06.06.17,06.07.17,01.08.17,01.09.17,02.10.17,07.11.17,01.12.17,02.01.18,Normal,*Gear mesh frequencys  are indicating roll both bearings. *Rubbing noise observed at gear box.                                                               *Vibration levels are recorded at both bearing are normal.,"*Inspect the Gear box internals,if required replace the same.                                                                                                                                                                   *Motor solo trial is required further analysis.                                                                                                         *Relubricate the Roll both bearings.
*Monitor the vibration trend levels.",,
,Roll DE,H,4.5 mm/sec,,2.1,1.9,2.5,1.9,2.4,2.7,3.2,2.5,2.3,2.1,2.6,2.3,1.6,1.6,2.8,2.6,2.4,2.6,2.4,2.5,3,2.3,2.1,1.65,1.5,4,2.5,,,,,
,,V,,,3.1,1.5,2,1.4,2.4,1.8,2.1,2,2.1,1.9,2.1,1.8,1.4,1.3,1.7,1.7,2.4,2,1.9,2.3,2.3,2.1,1.9,1.8,1.75,1.8,1.6,,,,,
,,A,,,1.8,1.8,2.3,1.3,1.4,2.8,3.1,2.3,1.9,1.3,1,1.2,0.95,0.8,1.1,1,1.3,1.1,1,1.4,1.1,1.4,1.5,1.45,1.3,1.2,1,,,,,
,Roll NDE,H,,,2.7,3.1,3.9,2.9,2.9,2.9,3.1,3.9,3.1,2.3,2.9,2.3,1.7,1.6,2.5,2.4,2.5,2.6,2.6,2.5,3.1,1.6,2.1,1.65,1.7,3.6,2.2,,,,,
,,V,,,1.5,1.7,1.6,1.4,1.7,1.7,2.1,1.6,2.3,1.6,1.7,1.5,1.4,1.2,1.4,1.6,1.5,1.5,1.7,2.7,1.7,1.8,1.5,1.3,1.2,1.6,1.4,,,,,
,,A,,,2,1.9,2,1.3,1.7,1.7,1.9,2,2.2,1,1.8,1.6,0.98,0.9,1.4,1.1,1.4,1.2,1.4,1.4,2.1,2,2.1,1.7,1.8,2.5,2,,,,,
2,Combi Microrock,,,23234 ck,17.10.15,01.12.15,02.01.16,01.02.16,03.03.16,04.04.16,04.05.16,06.06.16,04.07.16,04.08.16,03.09.16,08.10.16,08.11.16,03.12.16,06.01.17,02.02.17,06.03.17,07.04.17,08.05.17,06.06.17,06.07.17,01.08.17,01.09.17,02.10.17,07.11.17,01.12.17,02.01.18,Normal,                                                                *Vibration levels are recorded at both bearing are normal.,"
*Monitor the vibration trend levels",*After replacing the roll vibration levels came down to 0.9mm/s from 4.6mm/s.  ,
,Roll DE,H,4.5 mm/sec,,2.9,2.1,2.8,1.9,2.5,2.9,3.2,2.8,3.4,1.9,1.9,1.6,1.8,1.3,2.9,3,3,3,3,2.7,2.9,2.85,2.6,2.55,2.4,1.9,1.8,,,,,
,,V,,,1.3,1.5,1.8,1.3,1.6,1.6,2.1,1.8,2.3,1.6,1.8,1.2,0.84,0.8,1.5,1.4,1.9,1.4,1.5,1.4,1.6,1.55,2.4,2.3,2.25,2,2.1,,,,,
,,A,,,2.1,1.8,1.7,2,2.4,2.8,2.3,1.7,4.6,0.9,1.2,1.1,1.8,1.6,1.2,1.1,1.3,1.2,1.2,1.2,1.1,1,1.1,1,1.1,1.2,1,,,,,
,Roll NDE,H,,,2.3,2.5,2.7,2.5,2.1,2.1,3.4,2.7,3.2,2.3,2.1,2.1,1.8,1.6,2.9,2.9,3.1,2.5,2.8,2.5,2.4,2.2,2.1,2.15,2,3.5,2.9,,,,,
,,V,,,1.1,1,0.9,0.9,1.3,1.3,3.2,0.9,1.2,1.3,1.3,1.3,1.3,1.2,1,1.2,1.1,1.2,1.2,1.1,0.9,0.85,0.9,1,1.15,1.2,1,,,,,
,,A,,,1.9,1.4,1.3,1.1,1.4,1.5,2.3,1.3,1.3,1.1,1.4,1.1,0.74,0.9,1.1,0.9,1.5,1.1,1,1.2,1.1,1,1.1,1.4,1.45,1.2,1.15,,,,,
3,Combi Felt Roll c1,,,22313 ck,17.10.15,01.12.15,02.01.16,01.02.16,03.03.16,04.04.16,04.05.16,06.06.16,04.07.16,04.08.16,03.09.16,08.10.16,08.11.16,03.12.16,06.01.17,02.02.17,06.03.17,07.04.17,08.05.17,06.06.17,06.07.17,01.08.17,01.09.17,02.10.17,07.11.17,01.12.17,02.01.18,Normal,                                                                *Vibration levels are recorded at both bearing are normal.,"*Inspect the DE bearings clearances. 
*Monitor the vibration trend levels",,
,Roll DE,H,4.5 mm/sec,,2.2,5.4,5.7,3.4,4,5.4,4.1,5.7,6.1,3.1,2.9,3.1,3,3.2,3.5,1.4,1.4,1.3,1.6,1.5,1.4,1.3,1.2,1.15,1.2,1.4,1.2,,,,,
,,V,,,1.1,1.6,3.8,2.5,2.4,3.1,2.3,3.8,3.2,3.2,1.8,1.5,1.8,1.5,1.2,1.2,1.6,1.5,1.7,1.6,1.6,1.5,1.3,1.25,1.3,1.2,1,,,,,
,,A,,,2.5,3.7,2.8,2.7,3.1,3.4,3.5,2.8,3.1,3,3.8,3.1,6.5,3.6,3.5,1.6,1.3,3.6,1.1,1.2,1.1,1,1.1,1,1.1,1.6,1.7,,,,,
,Roll NDE,H,,,3.4,3.8,3.3,3.7,3.8,3.7,3.6,3.3,2.6,2.6,3.2,3.2,3.3,3.6,3.2,3.2,2.9,3.1,NP,NP,NP,NP,NP,NP,NP,NP,NP,,,,,
,,V,,,1.4,1.6,2.8,2.1,2.3,2.9,3.1,2.8,3.1,2.3,2.2,2.2,1.9,1.5,1.69,1.6,1.5,1.6,,,,,,,,,,,,,,
,,A,,,3.7,4.2,3.9,2.6,2.5,3.1,2.9,3.9,4.1,3.5,1.9,2.1,3.6,2.9,3,3,3.2,2.7,,,,,,,,,,,,,,
4,Combi Felt Roll c3,,,22313 ck,17.10.15,01.12.15,02.01.16,01.02.16,03.03.16,04.04.16,04.05.16,06.06.16,04.07.16,04.08.16,03.09.16,08.10.16,08.11.16,03.12.16,06.01.17,02.02.17,06.03.17,07.04.17,08.05.17,06.06.17,06.07.17,01.08.17,01.09.17,02.10.17,07.11.17,01.12.17,02.01.18,Normal,*Rotational Speed harmonics & predominant frequency of 6.2Hz are indicating at roll DE bearing. *Observed sleeve looseness at Roll DE bearing..   ,"*Inspect the DE bearing in next avaliable opportunity  if requried replace the same.                                                                          *Relubricate the both bearings .              *check throughly if any loose contact at fixing locations.                           *Closely monitor the vibration trend levels,if the vibration trend levels .",*After tighten the bracket & fixing location vibration came down to 7.5mm/s from 16.80mm/s.     ,*After tighten the bracket & fixing location vibration came down to 5.1mm/s from 16.80mm/s.
,Roll DE,H,4.5 mm/sec,,10.8,8,9.7,5.2,6.1,5.6,6.1,9.7,10.2,5.1,5.5,5.5,3.7,3.8,3.2,3,3.6,3.5,2.4,2.4,2.1,2.2,2.6,2.5,2.6,2.1,2,,,,,
,,V,,,3.6,3.9,6.9,4.5,5.1,4.9,5.1,6.9,7.1,5.1,2.5,3.1,1.6,2.1,1.5,1.7,1.4,1.3,1.2,1.2,1.1,1,1.2,1.1,1.15,1.2,1.4,,,,,
,,A,,,7,6.1,3.3,7.7,8.9,7.4,7.9,3.3,3.6,3.6,5.3,4.5,5,4.6,3.6,3,3.4,3.4,3.1,3.5,3.4,3.5,3.2,3.15,3,2.9,2.85,,,,,
,Roll NDE,H,,,31.6,31.6,16.8,7.5,8.4,9.9,10.9,16.8,11.2,4.9,8.7,6.1,5,6.5,3.6,3.1,2.7,2.6,3,2.7,2.8,2.9,2.6,2.5,2.4,2.1,2,,,,,
,,V,,,5.7,5.7,3.8,2.7,3.1,3.1,4.1,3.8,4.1,5.1,3.5,4.1,2.7,2.3,1.5,1.8,1,1,1.4,1,1.1,1,1.2,1.1,1.1,1.2,1.35,,,,,
,,A,,,4.6,4.6,4.8,6.9,7.8,8.6,9.1,4.8,5.6,3.9,3.9,4.1,3.2,3.1,2.9,3.1,3.3,4.1,2.9,3.7,3.4,3.5,2.9,2.85,2.8,2.5,2.65,,,,,
5,Combi Felt Roll c4,,,22313 ck,17.10.15,01.12.15,02.01.16,01.02.16,03.03.16,04.04.16,04.05.16,06.06.16,04.07.16,04.08.16,03.09.16,08.10.16,08.11.16,03.12.16,06.01.17,02.02.17,06.03.17,07.04.17,08.05.17,06.06.17,06.07.17,01.08.17,01.09.17,02.10.17,07.11.17,01.12.17,02.01.18,Normal,                                                                                                                                             *Rotational Speed harmonics & predominant frequency of 8.4Hz are indicating at roll DE bearing. ,"*check throughly if any loose contact at fixing locations. *Lubricate the Roll bearings.
*Closely monitor the vibration levels, if the vibration trend levels are in increasing trend inspect the roll bearings for detoriations.                 ",*After replacing the roll  vibration levels came down to 3.5mm/s from 7.9mm/s.,
,Roll DE,H,4.5 mm/sec,,6.5,9.9,7.6,6.8,7.1,6.8,7.1,7.6,6.2,3.1,3.9,3.9,5.3,4.3,5.3,3.7,3.9,3.8,3.2,3.8,3.6,3.5,3.2,3.1,3.15,3.1,2.9,,,,,
,,V,,,6.1,7.2,2.8,2.8,3.1,3.9,4.1,2.8,3.1,3.2,2.6,3.1,6.3,6.2,2.3,3.6,3.2,3.1,1.2,3.1,3,2.8,2.9,3,2.9,2.2,2.3,,,,,
,,A,,,4.5,5.6,3.8,3.7,3.8,3.6,4.1,3.8,3.9,3.5,3.5,3.9,5.5,4.6,6,3.3,2.5,5.9,3.5,7.2,6.5,6.6,5.2,5.1,5.2,3.3,3.1,,,,,
,Roll NDE,H,,,4,5.6,4,5.9,5.9,8.8,8.9,6.1,7.1,3.6,4.4,5.1,4.3,5.5,10.6,5,3.8,3.7,2.5,3.7,3.4,3.5,3.2,3.15,3.1,3,2.8,,,,,
,,V,,,3.8,3.7,3.5,5.1,5.4,5.1,5.6,4.2,3.1,2.5,1.7,2.1,6.2,3.1,3.5,4.4,3.6,3.6,1.1,3.3,3,2.9,2.8,2.7,2.65,2.5,2.7,,,,,
,,A,,,5.5,5,4.45,3.7,3.9,7.6,8.1,7.8,7.9,2.9,2.8,3.1,4.6,4.5,4.7,4,2.6,4.3,3.8,7.1,6.3,6.5,6,6.1,6.25,4.5,4.3,,,,,
6,Combi Felt Roll c5,,,22313 ck,17.10.15,01.12.15,02.01.16,01.02.16,03.03.16,04.04.16,04.05.16,06.06.16,04.07.16,04.08.16,03.09.16,08.10.16,08.11.16,03.12.16,06.01.17,02.02.17,06.03.17,07.04.17,08.05.17,06.06.17,06.07.17,01.08.17,01.09.17,02.10.17,07.11.17,01.12.17,02.01.18,Normal, *Structur vibration indicating roll both bearings                                                         *Vibration levels recorded at both bearings are normal.,"
*Monitor the vibration trend levels",*After replacing the roll DE bearing vibration levels came down to  2.8mm/s from  6 mm/s.,
,Roll DE,H,4.5 mm/sec,,6.6,7.8,5.6,5.6,5.9,5.1,5.6,5.6,6.1,3.1,4.7,3.1,3.3,3.6,3.3,5.9,6.5,6.4,5.7,5.6,5.4,5.6,4.8,4.75,4.5,4,4.2,,,,,
,,V,,,1.2,1.2,3.8,2.5,3.1,3.1,3.2,3.8,4.1,3.2,4.2,3.2,1.7,2.2,1.4,3.9,2.2,2.1,1.5,1.4,1.2,1.1,1.2,1,0.9,1,1.1,,,,,
,,A,,,7.2,8.1,5.9,5.9,6.1,6.8,7.1,5.9,6.1,3.5,4.8,3.9,4.2,5.4,3.6,6.3,6.4,2,2.8,2.8,2.7,2.6,2.1,2.2,2.15,2.2,2,,,,,
,Roll NDE,H,,,4.5,7.3,3.4,2.5,3.1,3.4,3.9,3.4,4.2,3.2,3,2.6,2.4,3.2,3.5,7.8,8.4,8.2,3.4,8.3,7.5,7.7,6.8,6.7,6.5,5.9,5.8,,,,,
,,V,,,2,10.9,4.6,2.1,2.3,2.5,3.1,4.6,5.1,3.6,1.8,1.6,1.3,2.2,1.7,5.6,3.2,3.1,1.6,3.1,3,2.8,2.3,2.2,2.3,2.2,2.1,,,,,
,,A,,,6.2,17.9,4.5,2.7,2.8,2.9,3.2,4.5,5.1,3.5,2.4,1.9,1.9,2.1,4.9,4.9,3.7,2.3,3,3.9,3.7,3.6,3.5,3.4,3.2,3.3,3.15,,,,,
7,Combi Felt Roll c6,,,22313 ck,17.10.15,01.12.15,02.01.16,01.02.16,03.03.16,04.04.16,04.05.16,06.06.16,04.07.16,04.08.16,03.09.16,08.10.16,08.11.16,03.12.16,06.01.17,02.02.17,06.03.17,07.04.17,08.05.17,06.06.17,06.07.17,01.08.17,01.09.17,02.10.17,07.11.17,01.12.17,02.01.18,Normal,*Rotational Speed harmonics & looseness is indicating  at Roll both bearings.                                            *Observed there is loose contact between bracket & bearing housing at Roll NDE bearing.,"*Tight all fixing location bolts at Roll NDE bearing.                             *Lubricate the Roll bearings.
*Monitor the vibration trend levels",,
,Roll DE,H,4.5 mm/sec,,6.6,7.8,5.6,5.6,5.9,5.1,5.6,5.6,6.1,3.1,4.7,3.1,3.3,3.6,3.3,3.5,3.5,3.6,3.4,3.4,3.1,3,3.5,3.4,3.25,3.4,3.2,,,,,
,,V,,,1.2,1.2,3.8,2.5,3.1,3.1,3.2,3.8,4.1,3.2,4.2,3.2,1.7,2.2,1.4,2.5,1.2,1.3,1.2,1.2,1,0.95,1.2,1.15,1,1.2,1.1,,,,,
,,A,,,7.2,8.1,5.9,5.9,6.1,6.8,7.1,5.9,6.1,3.5,4.8,3.9,4.2,5.4,3.6,3.1,2.3,2.1,2.1,2.4,2.1,2.2,2.3,2.2,2.1,2.4,2.5,,,,,
,Roll NDE,H,,,4.5,7.3,3.4,2.5,3.1,3.4,3.9,3.4,4.2,3.2,3,2.6,2.4,3.2,3.5,3.2,3.3,3.2,3.1,3.3,3.2,3.1,3.3,3.15,3.1,3.3,3.4,,,,,
,,V,,,2,10.9,4.6,2.1,2.3,2.5,3.1,4.6,5.1,3.6,1.8,1.6,1.3,2.2,1.7,1.5,1.5,1.5,1.4,1.5,1.2,1.3,1.5,1.6,1.5,1.5,2.1,,,,,
,,A,,,6.2,17.9,4.5,2.7,2.8,2.9,3.2,4.5,5.1,3.5,2.4,1.9,1.9,2.1,4.9,3,3.6,3,3.1,3.2,3,2.9,3.6,3.45,3.3,3.2,3.85,,,,,
8,Fabric MicroRock,,,23240 ck,17.10.15,01.12.15,02.01.16,01.02.16,03.03.16,04.04.16,04.05.16,06.06.16,04.07.16,04.08.16,03.09.16,08.10.16,08.11.16,03.12.16,06.01.17,02.02.17,06.03.17,07.04.17,08.05.17,06.06.17,06.07.17,01.08.17,01.09.17,02.10.17,07.11.17,01.12.17,02.01.18,Normal,*Rotational Speed harmonices & looseness is indicating  at Roll both bearings. ,"
*Monitor the vibration trend levels",,
,Roll DE,H,4.5 mm/sec,,1.6,1.6,1.9,1.2,2,1.9,1.6,1.9,2.1,2.2,1.4,1.3,2.6,2.1,1.5,1.4,1.5,1.4,1.4,1.5,1.4,1.5,1.5,1.45,1.4,1.5,1.4,,,,,
,,V,,,1.1,1.1,1.5,1,1.3,1.4,1.4,1.5,1.4,1.5,1,1.1,0.93,0.8,1,2.4,2.2,2.1,1.65,1.8,1.6,1.4,2.2,2.1,2,1.8,1.6,,,,,
,,A,,,0.8,0.8,1,0.6,0.8,0.9,1.1,1,1.6,1.6,1,1.2,0.87,0.9,0.8,0.7,0.88,0.6,0.5,0.66,0.5,0.6,0.88,0.85,0.9,0.66,0.6,,,,,
,Roll NDE,H,,,1.9,1.5,2,1.1,2.2,1.9,1.9,2,2.1,1.9,1.6,1.3,0.96,0.6,1.7,1.2,0.97,1.1,1.3,1.8,1.6,1.7,0.97,1,1.15,1.8,1.55,,,,,
,,V,,,1.3,1.1,1.6,0.9,1.6,1.6,1.4,1.6,1.5,1.5,1.1,1.2,0.73,0.8,1.2,2.8,2.4,2.3,2.1,2.1,2,1.9,2.4,2.35,2.25,2.1,1.9,,,,,
,,A,,,0.9,0.9,1.3,0.6,1.2,1.2,1.3,1.3,1.6,1.4,1.63,1.4,0.46,0.9,0.8,3.1,0.84,0.93,1.4,1.3,1.2,1.1,0.84,0.75,0.85,1.2,1,,,,,
9,Fabric Micromate,,,23240 ck,17.10.15,01.12.15,02.01.16,01.02.16,03.03.16,04.04.16,04.05.16,06.06.16,04.07.16,04.08.16,03.09.16,08.10.16,08.11.16,03.12.16,06.01.17,02.02.17,06.03.17,07.04.17,08.05.17,06.06.17,06.07.17,01.08.17,01.09.17,02.10.17,07.11.17,01.12.17,02.01.18,Normal,*Gear mesh frequencys are indicating at NDE side bearing.                                                                   *Vibration levels are recorded at both bearing are normal.,"
*Monitor the vibration trend levels",*After replacing the roll  DE bearing vibration levels came down to 2.3mm/s from 7.3mm/s.,
,Roll DE,H,4.5 mm/sec,,1.6,1.6,1.9,1.2,2,1.9,1.6,1.9,2.1,2.2,1.4,1.3,2.6,2.1,1.5,1.4,1.5,1.7,2.7,1.8,2,1.9,1.5,1.4,1.5,1.8,1.7,,,,,
,,V,,,1.1,1.1,1.5,1,1.3,1.4,1.4,1.5,1.4,1.5,1,1.1,0.93,0.8,1,2.4,1,1.2,1,1.2,1.1,1,1,0.95,0.8,1.2,1,,,,,
,,A,,,0.8,0.8,1,0.6,0.8,0.9,1.1,1,1.6,1.6,1,1.2,0.87,0.9,0.8,0.7,0.64,0.75,0.8,0.9,1,0.95,0.64,0.55,0.6,0.9,0.9,,,,,
,Roll NDE,H,,,1.9,1.5,2,1.1,2.2,1.9,1.9,2,2.1,1.9,1.6,1.3,0.96,0.6,1.7,1.2,1.6,1.7,1.8,2.9,2.6,2.7,1.6,1.55,1.6,2.9,2.5,,,,,
,,V,,,1.3,1.1,1.6,0.9,1.6,1.6,1.4,1.6,1.5,1.5,1.1,1.2,0.73,0.8,1.2,2.8,1,1,0.9,0.9,1,0.9,1,1.1,1.2,0.9,0.8,,,,,
,,A,,,0.9,0.9,1.3,0.6,1.2,1.2,1.3,1.3,1.6,1.4,1.63,1.4,0.46,0.9,0.8,2.6,0.82,0.84,0.9,0.9,1.1,1,0.82,0.9,1,1,0.85,,,,,
10,Fabric Felt Roll F1,,,22313 ck,17.10.15,01.12.15,02.01.16,01.02.16,03.03.16,04.04.16,04.05.16,06.06.16,04.07.16,04.08.16,03.09.16,08.10.16,08.11.16,03.12.16,06.01.17,02.02.17,06.03.17,07.04.17,08.05.17,06.06.17,06.07.17,01.08.17,01.09.17,02.10.17,07.11.17,01.12.17,02.01.18,Normal,*Rotational Speed harmonics are indicating at roll both bearings.           ,*Lubricate the Roll Both bearings.                                             *Monitor the vibration trend levels,*After tighten the bracket & fixing location vibration came down to 2.5mm/s from 16.80mm/s.,*After replacing the roll DE bearing vibration levels came down to  2.5mm/s from  9.8mm/s .           
,Roll DE,H,4.5 mm/sec,,1.7,2.1,4.6,1.5,1.9,6.2,7.1,4.9,5.1,2.3,1.1,1.2,0.78,0.9,1.9,8.4,1.8,1.7,1.8,1.7,1.6,1.5,1.3,1.25,1.25,3.1,2.3,,,,,
,,V,,,0.9,1.9,3.8,0.9,1,3.6,3.6,3.6,2.3,1.2,1.1,1.1,1.1,1.2,1.3,1.3,1.4,1.3,1.4,1.3,1.1,1,1.2,1.2,1.1,2.3,1.6,,,,,
,,A,,,1.9,1.8,4.5,1.2,1.3,6.6,6.9,6.8,7.3,1.2,1.63,1.3,1.6,1.3,2.5,9.8,2.5,2.6,2.4,2.4,2.1,2.2,4,2.5,3.2,5.3,3.5,,,,,
,Roll NDE,H,,,1,1.1,0.9,0.9,1.1,2.5,2.9,0.9,1,1,1.7,1.4,0.69,1,1,2.5,1,1,1,1,1.1,0.9,1.1,1.5,1.9,3.4,2.2,,,,,
,,V,,,0.9,1.6,0.9,1,1,2.2,2.3,0.9,1.2,1.2,1.2,1.5,0.8,0.9,0.9,1.6,0.9,0.9,0.9,0.85,0.6,0.7,0.9,1.2,1.6,3.5,1.8,,,,,
,,A,,,1.6,1.7,1.1,1.6,1.5,2.9,3.1,1.1,1.3,1.3,1.3,1.3,1.4,2.1,2,3.2,1.6,1.6,2.4,1.8,2.1,2.2,4,8.7,3.7,7.2,1.9,,,,,
11,Fabric Felt Roll F2,,,22313 ck,17.10.15,01.12.15,02.01.16,01.02.16,03.03.16,04.04.16,04.05.16,06.06.16,04.07.16,04.08.16,03.09.16,08.10.16,08.11.16,03.12.16,06.01.17,02.02.17,06.03.17,07.04.17,08.05.17,06.06.17,06.07.17,01.08.17,01.09.17,02.10.17,07.11.17,01.12.17,02.01.18,Moderate,*LightTemparature observed at roll both bearings.                                                                            *Rotational Speed harmonics & predominant frequency of 8.2Hz are indicating at roll both bearing.    ,"*Inspect the both bearings in next avaliable opportunity  if requried replace the same.                                                                          *Relubricate the both bearings .              *check throughly if any loose contact at fixing locations.                           *Closely monitor the vibration trend levels,if the vibration trend levels .",,
,Roll DE,H,4.5 mm/sec,,8.1,8.9,16.8,1.4,1.6,2.3,3.1,2.3,3.1,2.3,3.2,2.3,2.3,2.1,2.1,2.1,1.6,1.5,1.6,1.5,1.4,1.5,1.6,1.55,1.25,1.15,1.3,,,,,
,,V,,,10.4,11.5,7.8,2.5,2.3,2.5,3.2,2.5,2.3,1.6,3.1,2.2,3.4,2.3,3.7,3.7,3.5,3.4,3.5,3.4,3.2,3.3,3.5,3.45,2.7,2.4,2.65,,,,,
,,A,,,5,5.9,5.4,2,2.1,2.5,3.1,2.5,2.6,1.9,3.2,2.6,2.4,2.3,3.3,4.7,2.5,3.6,3,3.4,2.9,2.8,2.5,2.75,1.9,1.7,1.9,,,,,
,Roll NDE,H,,,2.5,2.7,2.9,1.6,1.7,3.3,3.5,3.3,3.3,2.1,2.2,2.3,3.3,2.6,2,1.8,1.8,1.7,1.6,1.8,1.7,1.65,1.8,1.95,1.8,1.7,1.8,,,,,
,,V,,,5.1,6.3,5.2,4.2,4.3,6.7,7.1,6.7,4.9,2.4,5.2,3.6,1.4,1.8,5.2,4.4,4.8,4.6,4.1,4.8,4.5,4.4,4.8,4.95,4.8,3.4,3.6,,,,,
,,A,,,4.5,4,4.9,1.9,2.1,2.3,3.1,2.3,3.1,2.6,2.9,2.6,1.7,1.9,2.4,3.6,2.4,3.9,3,3,2.8,2.9,2.4,2.5,2.35,2,2.3,,,,,
12,Fabric Felt Roll F3,,,22313 ck,17.10.15,01.12.15,02.01.16,01.02.16,03.03.16,04.04.16,04.05.16,06.06.16,04.07.16,04.08.16,03.09.16,08.10.16,08.11.16,03.12.16,06.01.17,02.02.17,06.03.17,07.04.17,08.05.17,06.06.17,06.07.17,01.08.17,01.09.17,02.10.17,07.11.17,01.12.17,02.01.18,Normal,                                                                       *Vibration levels recorded at both bearings are normal.,*Monitor the vibration trend levels,*After replacing the Roll NDE bearing and Housing vibration levels came down to 1.60mm/s from 14.9mm/s.     ,
,Roll DE,H,4.5 mm/sec,,1.5,1.5,1.8,2.8,2.9,2.8,2.8,1.8,2.1,2.3,1.4,1.3,1.6,2.1,2.1,2.6,2,2,2,1.9,1.8,1.9,1.7,1.65,4.5,1.6,1.4,,,,,
,,V,,,1.6,1.6,2.1,2.6,2.7,2.6,3.1,2.1,2.2,1.6,1.6,1.2,1.1,1.6,1.9,1.9,1.3,1.2,1.3,1.2,1.1,1,1.1,1.2,3.8,1.3,1.3,,,,,
,,A,,,0.7,3.5,2.3,3.7,3.8,3.7,4.1,2.3,2.5,1.5,1.1,1.3,2.7,3.9,2.1,2.2,1.9,1.4,1.7,2.6,2.5,2.6,2.3,2.5,5.5,2.2,2,,,,,
,Roll NDE,H,,,1.4,1.5,1.6,1.6,1.9,1.6,2.1,1.6,1.5,1.6,2.3,1.9,1.8,1.6,2.3,2.7,2.6,2.6,2.6,2.5,2.4,2.5,2.4,2.7,9.5,2,1.8,,,,,
,,V,,,1.6,1.6,1.6,1.4,1.5,1.4,2.2,1.6,1.4,1.5,1.6,1.3,2.1,1.9,2,2,1.6,1.5,1.6,1.5,1.5,1.6,1.4,1.85,15,1.4,1.25,,,,,
,,A,,,1,4.5,2.8,1.5,1.96,1.5,1.9,2.8,2.6,1.4,1.5,1.2,2.1,5.6,2.7,2,1.5,1.8,1.6,3,2.6,2.7,2.6,8.5,14.9,1.6,1.3,,,,,
13,Fabric Felt Roll F4,,,22313 ck,17.10.15,01.12.15,02.01.16,01.02.16,03.03.16,04.04.16,04.05.16,06.06.16,04.07.16,04.08.16,03.09.16,08.10.16,08.11.16,03.12.16,06.01.17,02.02.17,06.03.17,07.04.17,08.05.17,06.06.17,06.07.17,01.08.17,01.09.17,02.10.17,07.11.17,01.12.17,02.01.18,Normal,                                                                   *Vibration levels are recorded at both bearing are normal.,*Monitor the vibration trend levels                                             *Relubricate the both bearings ,*After replacing the roll DE bearing vibration levels came down to  1.8mm/s from  15.6mm/s .*Vibration levels recorded at both bearings are normal.,
,Roll DE,H,4.5 mm/sec,,3.6,3.6,3.9,2.1,2.1,2.1,3.1,3.9,4.1,3.2,4.2,3.2,4.3,2.3,5.6,2.1,2.1,2.1,2,2.1,1.8,1.9,2.1,2,1.9,2.1,1.75,,,,,
,,V,,,1.8,1.8,2.8,2,2.1,2,2.2,2.8,3.1,3.6,3.2,2.9,4,2.2,4.9,2.2,1.3,1.2,1.3,1.3,1.2,1.3,1.3,1.4,1.5,1.3,1.5,,,,,
,,A,,,2.2,2.2,2.5,5.7,5.8,5.7,6.1,6.9,7.4,8.1,3.9,4.5,3.3,2.6,15.6,1.8,1.3,1.5,1.4,1.4,1.3,1.2,1.3,1.25,1.2,1.2,1.1,,,,,
,Roll NDE,H,,,2.7,2.4,3.5,1.7,1.8,1.7,2.1,3.5,4.1,5.1,1.8,2.1,1.7,2.3,3.2,1.6,1.5,1.5,1.4,1.5,1.4,1.5,1.5,1.6,1.55,1.4,1.65,,,,,
,,V,,,2.4,1.9,3.4,1.9,1.4,2.3,2.3,3.4,4.1,3.6,1.7,2.2,1.5,3.6,2,2,1,1,1.1,1,0.9,1,1,1.1,1.1,1,1,,,,,
,,A,,,4.3,3.8,3.7,4.5,4.8,4.5,5.1,4.8,5.1,4.5,2.7,2.1,2.6,2.6,3.2,2.7,2.5,2.4,2.3,2.7,2.4,2.5,2.5,2.65,2.54,1.9,2.2,,,,,
14,Fabric Felt Roll F5,,,22313 ck,17.10.15,01.12.15,02.01.16,01.02.16,03.03.16,04.04.16,04.05.16,06.06.16,04.07.16,04.08.16,03.09.16,08.10.16,08.11.16,03.12.16,06.01.17,02.02.17,06.03.17,07.04.17,08.05.17,06.06.17,06.07.17,01.08.17,01.09.17,02.10.17,07.11.17,01.12.17,02.01.18,Moderate,"
 *Rotational speed harmonics are indicating at DE bearing.","* Tighten all fixing (Bracket Clamp) locations of both bearings.
      ",*After replacing the Roll DE bearing vibration levels came down to 2.1mm/s from 7.8mm/s.     ,
,Roll DE,H,4.5 mm/sec,,5.2,6.1,6.6,5.6,5.7,5.1,5.9,6.6,6.5,5.6,3.9,3.9,14.7,15.6,14.1,4,2.1,2.2,2.1,2,1.8,1.9,1.7,1.65,1.5,1.5,1.6,,,,,
,,V,,,3.5,4.4,5.1,4.1,4.8,3.9,4.1,5.1,5.6,3.9,2.9,3.1,12.8,11.2,10.2,1.28,5.3,5.1,5.2,5.3,5,5.1,5.2,5.3,5.15,1.2,1.4,,,,,
,,A,,,10.4,12.4,12.6,9.4,9.9,8.9,9.1,12.6,11.2,12.3,10.2,12.3,7.9,7.9,8.1,4.4,5.3,3.1,3.1,3.7,3.4,3.3,3.5,3.6,3.5,3.4,3.1,,,,,
,Roll NDE,H,,,5.3,5.4,5.9,6,6.1,5.9,6.1,5.9,6.1,5.6,8.1,7.8,8.6,9.6,12.3,13.2,10.9,10.2,8.2,10.3,9.3,9.5,8.8,8.25,7.5,6.4,6.1,,,,,
,,V,,,3.8,4.6,4.5,4.5,4.6,5.1,5.3,4.5,5.1,6.1,3.2,3.6,4.9,5.1,5.5,5.5,2.1,2,2.2,2.1,1.8,1.9,2,1.8,1.7,2,1.8,,,,,
,,A,,,5.2,7.7,4.6,5.2,5.4,6.1,5.9,4.6,5.1,6.1,6.2,6.5,5.6,6.1,5.6,4.1,4.3,3.2,3.1,3.7,3.4,3.5,3.2,3,2.85,3,2.9,,,,,
15,Fabric Felt Roll F6,,,22313 ck,17.10.15,01.12.15,02.01.16,01.02.16,03.03.16,04.04.16,04.05.16,06.06.16,04.07.16,04.08.16,03.09.16,08.10.16,08.11.16,03.12.16,06.01.17,02.02.17,06.03.17,07.04.17,08.05.17,06.06.17,06.07.17,01.08.17,01.09.17,02.10.17,07.11.17,01.12.17,02.01.18,Normal," *Vibration levels are recorded at DE bearing are normal.                                                                                                                                                              *NDE bearing vibration levels are not taken. because, way closed by some unknown material placed on flat forum.",*Monitor the vibration trend levels,*After replacing the Roll DE bearing vibration levels came down to 1.20mm/s from 2.4mm/s.     ,
,Roll DE,H,4.5 mm/sec,,2.3,3.4,3.9,2.7,2.4,3.3,2.9,3.3,3.1,3.2,1.9,2.1,1.9,2.2,2.1,2.4,2.2,2.1,2.2,2.1,1.8,1.9,1.8,0.95,1,1.2,1,,,,,
,,V,,,2.7,2.7,2.9,2.2,2.3,2.5,2.7,2.5,2.2,2.3,1.6,2.1,2.4,2.3,2.2,2.4,2.7,2.6,2.8,2.7,2.5,2.6,2.5,1.1,0.95,1,0.8,,,,,
,,A,,,3.3,8.9,9.2,7.8,2.1,2.2,2.6,2.2,2.3,3.2,4.1,2.3,5.3,3.9,3.1,2.9,2.9,2.7,2.6,3,2.3,2.5,2.4,1.2,1.1,1.2,1.1,,,,,
,Roll NDE,H,,,1.7,1.9,2,1.3,1.3,1.9,2.1,1.9,2.1,2.3,3,3.2,2.3,2.1,4.6,5.4,2.5,2.4,2.5,2.4,2.2,2.1,2,1,0.9,NP,NP,,,,,
,,V,,,2.1,2.1,2.4,1.6,1.6,2.2,2.6,2.2,2.5,1.9,2.4,2.2,2.4,2.6,6.3,6.3,2.2,2.1,2.2,2.1,1.9,2,1.9,1.2,1.15,,,,,,,
,,A,,,2.5,4.7,2.2,1.5,1.4,2.3,2.6,2.3,2.6,3.1,5.58,4.5,4.8,3.9,7.4,5.3,2.2,2.1,2.1,3.9,3.5,3.6,3.5,1.8,1.7,,,,,,,
16,Fabric Felt Roll F7,,,22313 ck,17.10.15,01.12.15,02.01.16,01.02.16,03.03.16,04.04.16,04.05.16,06.06.16,04.07.16,04.08.16,03.09.16,08.10.16,08.11.16,03.12.16,06.01.17,02.02.17,06.03.17,07.04.17,08.05.17,06.06.17,06.07.17,01.08.17,01.09.17,02.10.17,07.11.17,01.12.17,02.01.18,Normal,"
 *Rotational speed harmonics are indicating at Roll both bearings.                             ",                                                                                                                                        *Inspect &Tighten  all fixing locations at Roll NDE bearing.                                  *Monitor the vibration trend levels .                                                                                                                                                                                                                                                                                                                                                               ,,
,Roll DE,H,4.5 mm/sec,,2.9,2.9,2.9,2.2,2.3,2.4,3.5,10.8,5.9,6.1,5.6,3.2,2.1,2.1,3.1,2.5,2.9,2.8,2.9,2.8,2.7,2.6,2.4,2.5,2.4,2.3,2.35,,,,,
,,V,,,4.5,4.5,4.6,6.1,6.8,6.1,6.5,7.09,5.4,6.1,4.1,3.2,2.1,2.5,2.2,4.8,3.1,3,3.2,3.1,1.9,2.1,2,2.2,2.15,2.1,1.8,,,,,
,,A,,,4.2,4.2,5.6,2.7,3.1,3.2,10.4,25.6,11.6,12.3,14.2,7.8,3.8,6.5,5.1,6,4.6,4.3,3.8,3,3.4,3.2,3.1,3.4,3.2,3.4,3.2,,,,,
,Roll NDE,H,,,3.1,5,4.9,3.7,3.8,3.9,3.9,4.9,2.5,3.1,3.2,3.1,3.6,3.6,5,5.6,2.5,2.4,2.4,2.5,2.2,5.6,5.4,5.6,7.5,3,3.15,,,,,
,,V,,,4.4,6.4,6.6,6.5,6.9,7.1,7.1,6.6,2.3,3.1,6.1,4.1,3.9,2.6,10.2,3.6,8.5,8.4,5.6,8.4,7.6,12,9.2,9.5,10.5,11.9,6.5,,,,,
,,A,,,21.1,26.8,10.8,9.1,9.8,6.1,6.1,10.8,4.3,5.1,20.1,14.2,8.2,7.9,7.8,9.9,9.6,7.3,6,6.1,5.8,7.1,6.9,7.2,13.7,7.5,4.2,,,,,
